{"loss": [1.3703962564468384, 0.4421897828578949, 0.26607486605644226, 0.1872333586215973, 0.13921687006950378, 0.10721178352832794, 0.08613982796669006, 0.07588160037994385, 0.06295851618051529, 0.05484359338879585], "accuracy": [0.5973824858665466, 0.8588662147521973, 0.9137634038925171, 0.9394551515579224, 0.9537236094474792, 0.9641937613487244, 0.9711928367614746, 0.9750622510910034, 0.9791592359542847, 0.9822320342063904], "val_loss": [0.47120779752731323, 0.3117167353630066, 0.23116105794906616, 0.24611258506774902, 0.1425705999135971, 0.2850520610809326, 0.1441936194896698, 0.10923635959625244, 0.10593076795339584, 0.10157802700996399], "val_accuracy": [0.8555656671524048, 0.8994423151016235, 0.9263032078742981, 0.9215797781944275, 0.954643726348877, 0.9204416275024414, 0.9574322700500488, 0.9656840562820435, 0.9692692756652832, 0.9707489013671875]}